kalimat,sentimen
sudah bener mending beli outfitnya id sudah mah murah,2
cuy,1
iri bwos,0
makan,1
murah,2
solusi pakai kaos wajah capres pa,0
maksud,2
wowkwokwowk,1
impor barang kau china,1
hmm,1
tetap dodol hasil seko pasar,2
om tidak apa dalboers kudu strong,0
brand,1
solusi ngab joko,2
beras gula bawang impoe sampai tani negeri menang,0
brand lokal harga mahal sesuai produk,2
begini hidup negara kembang,1
suport kaos partai merah wkwk,0
sudi pakai kaos beruang petir,0
rugi rakyat mario pa bapakny orang pajak pajak,0
henti importir thrift perintah bersih oknum laku produsen kau indonesia contoh kompas brand lokal pasar hadehh kau in boss indo bagaimana maju usaha saudara kamu ajaa ancurin produk kau hahaha,0
ya sudah iya pakai kaos partai,2
cari lokal motif beruang petir ka,0
senggol,1
mahal deh murah mah hayuu like that tara ra ra tara ra ra,2
fix tangkap arap guys,0
impor beras ganggu,0
bisnis thrift hasil receh beda umkm modal ratus juta hadeh suruh ekonomi kreatif,0
nambahin anggur,0
promo takut,1
saya kaos partai jadiin lap outfit tani kebun,0
tangkap,0
indonesia dukung anggur cinta indonesia,2
economy sustainability,1
lokal sudah keren keren wkwk,2
bulls lokal praid,1
sila bahas zaa,0
indonesia sawah luas import beras indonesia negara maritim import garam baju import dipermasalahin wkwk chuaakzz,2
solusi bagaimana paak,2
stop ba trhift rb,1
sudah nyaman pakai kaos partai,2
bisnis thrifting sekarang umkm solusi bagaimana,2
bg messi,1
murah pa,0
tidak boleh kaya lagi korea utara,0
pakai produk negeri kualitas hmm,2
bener melindungin industri negeri thrifting diterusin orang produksi baju terus dijadiin sampah,1
lokal brand harga,2
solusi beli serba,2
emang bener pakai kaos band keren dapet nge support band original,2
harga beli thrift kadang dapet kualitas beli brand lokal,2
chuax,1
orang gaya mampu beli brand lokal beli tidak kualitas bagus harga murah ya sudah brand lokal sudah harga mahal pakai nyaman thrift pede mahal nyaman,2
duh,0
thrift shop,1
rip bj trifthing,0
ngomong ape wkwksksk,1
beli brand lokal harga kaya inter,2
sholat,2
korupsi,0
tolol,0
bagus lingkung,0
sembarang serah kamu orak nguntal gapuro,0
gaji umr,1
mending tesis ganti wkwkwk,0
orang sakit kulit mending mending beli baju bekas bermerk percaya bebas sakit kulit,0
tanya,1
baju bekas harga gila,2
wadidaw,1
bener beli id kaka,2
indonesia mah bekas laku,2
marketnya pakk,1
impor beras bagaimana,1
geruduk warga senin,1
main main senin,1
mari konsumtif produk lokal pride kunjung store,2
hmm,1
kaos partai merah pakai tanduk,0
saya colok pakai linggis api bang cokk,0
dapet ucup bareng samuel well,2
pasar su asu,1
solusi pompa,2
adu domba,0
netizen budiman tahu ngelike komentar tekan tombol love tekan kali kalimat,0
koruptor,1
iya kasihan brand brand lokal barang bagus murah kalah barang bekas kualitas lokal tara kualitas rusak pasar brand lokal,2
cuan jual barang wkwk,2
kritikk saran solusi,2
balikin sudah deh beli baju diskon mall tidak-apa-apa barbek kamu obat dokter kulit jt bolak,2
begini sebenernya negara sepakat see more,2
larang ngethrift,0
korupsi lebih rugi sir,0
iya bang retailer buka,1
barang thrift ribu sudah baguss banget bahan barang lokal harga ribu bahan seperti kain asa santan,0
oke sekarang harga outfit kamu,2
terus brand datang buka store indonesia ganggu brand lokal singgung pakai bekas mah sudah beda market karena pajak,0
beruang petir gratis ongkir ketar tir,0
ya sudah begitu pakai kaos partai gerindra,2
qr contoh,1
pakai bekas ganggu sukses ekonomi dari situu mangganggu produk lokal jual online teriakk sepi jual mahal online bnting harga,2
kudu bagaimana,1
buka ballan thrif bangat jackpot red bull bayarin,1
isshh pantesan anak muda negeri fokus ngembangin ide ranah brand lokal perhati khalayak publik bagaimana tidak presiden kaya begini bantu kembang jatuh sektor wuakakakkakakakakak,0
tuju,0
mang eaak nonton live thrifting,2
larang solusi paman,1
ngomong kamu beliin tidak,0
bener beli anduk gucci,2
usaha,0
allah thrift jalan ninja padahal,2
rezeki sudah atur persamalahkan baju bekas,2
urus kelola limbah pabrik tekstil sebenernya rugi pabrik tekstil raksasa power adu perintah,0
cakar,1
beri dampak solusi coba umkm produk lokal dukung kasih subsidi ekspor mudah izin disupport segi produksi ain cari solusi harga produk lokal mahal kualitas bagus ngomong ngomong stop dagang stop masuk barang,2
seru ngethrift beli baju rb bahan bagus banget seperti baju brand emol terus nyarinya sampai keringat cucur kadang taro lantai kudu kerja keras milihin murah lantai gundu baju rb sampai rb,2
import bekas lokal,2
mah murah sudah,2
bisnis bisnis realistis bisnis pakai impor ladang sumber dapat orang tambah minta pasar perintah pintar ngebisnisin ladang subur model begian fun fakta luar negeri kaos partai masuk toko thrift baju second gantung jenis baju vintage harga mahal,2
beli pakai,0
wkokwkko,1
dulu saya belum dapet item saya cari,0
promosi takut penjara,0
siapp pakai kaos beruangg petirr,0
nyampah keren keren juga bagaimana saya sihh tetap beli produk lokal juga yaa usaha imbang sihh adill,0
barang bekas contoh pulau batu official store indonesia tetapi bnwt tebar,2
sadar tk keringat perah,2
garam import paak urus deh beras daging bawang ilmport kenapa untung rakyat usik rugi rakyat dipikirin,1
mau pakai beruang petir negara,2
good,2
iyaa sihh umkm bngt,0
okepak besok pakai baju banteng deh,0
ah kualitas barang lokal barang haraga buset sudah brand,2
untung sudah pindah negara,2
lokal lokal ajalaa,1
mangeakk,1
ganggu temen temen dadak branded,0
weh weh wehh ganggu apa wehh,0
bagaimana,1
gorengke ndog,1
tangkap,0
kadang solusi masalah suka nyambung kadang,2
thrift diapus,1
iya rusak umkm lokal,0
bad untuk environment because new clothes butuh untuk made untuk warna the fabric mereka use very toxic coloring we know the state of citarum and the people around it right,0
bisnis impor pakai bekas indstri brand besar pakai tema vintage industri sablon gairah sampai expor thrift vintage booming industri lokal keluar kaos tema vintage,0
kayak deh menganggu,0
sudah bener jual goreng rumah,2
bener pakai kaos daia tidak hadiah semen bima,0
baik ramah lingkung,2
serah,0
kerja kerja kerja,2
trifhting,1
oh alesannya,1
bukti tiktok mbak mbak outfitnya sama beli produk lokal ckckckkc,2
iyaweii,1
saing murah bagus dekat bagus mahal murah sedikit sudah beda kualitas,0
pasar senin muat thrift seperti saya badan,0
tanggap mbak ada,2
iya jijik sumber sakit salute,0
tanya masuk indonesia ngelolosin tidak mau cari,0
betuls,1
brand maternal disaster brand lokal sudah fanbase reseller juga banget pas keluar artikel baru hitung jam sudah habis saya brand lokal laris indonesia karena desain beda saing era gempur thrifting saya anti lokal brand saya outfit brand lokal juga lingkung saya juga pakai brand lokal inti kamu desain bahan bagus mau market laku kecuali kamu desain nge jiplak bahan an kau in produk orang apalgi kau in brand lokal ilfeel beli brand lokal mohon senggol an,0
orang indonesia doan murce baju thrifing murce brand lokal harga mahal,2
dagang lohh,1
brand lokal bagus lihat foto profil saya brand lokal,2
lokal brand fast fashion wkwk,1
virus gantung olah aman aman sajaa,0
lambang logo banteng cuakkss,0
capek komentar kasih aspirasi baca admin folkative perintah langsung,2
thrift thrift,1
erti lokal kadang pakai kadang masuk akal kualitas harga,2
wkwk,1
yupp relate pabrik pindah produksi jawa tengah tugas partai usaha dorong masyarakat beli produk negeri,0
baju thrift masuk ilegal,0
alfrdzii mahal,2
informasi mata mes kuadrat qaqa,0
ng trabas,1
brand lokal mahal harga jelek kualitas,2
sesuai selera,2
barang thrift ribu sudah baguss banget bahan barang lokal harga ribu bahan seperti kain asa santan,0
pakai bekas negeri bagus kualitas harga murah produk negeri mahal,2
suka barang thrifting crewneck luculucu,2
cari riset bisnis men wkwk,1
yawdh,1
am nid kd kwa lagi nukar thrift am kitee,0
yess,1
tuju ngumpul mari cek koleksi yahh,0
halo import gula garam beras pupuk pengaruh dalam negeri,2
but the harga is jadi cheap dapat kamu pakai the umkm untuk have cheap harga like this,2
pakai pakai atur,1
besok thrifting,1
pakai brang bekas ramah lingkung bisnis jenis brang bagus ramah lingkung,2
mari dukung umkm lokal maju usaha pakai bekas import,2
merek lokal tambahin big size model keren tidak muat wkwk,0
level up your busines jadi barang thrift compete grow with your own way,0
nunggu kaos dari bu sudah,0
solusi stetment tidak ada solusi,2
jual baju bekas ketek bule panas aokwowkwowko,2
barang tekstil masuk kena bea masuk harga barang pph ppn barang masuk kayak kena bea masuk kali jamur thrifting begitu,0
seng ganggu ki seng gawe produk kawe,0
beli celana yekan,0
rejeki atur tentu,2
stone islandnya kakk,1
kulo ki komentar jowo sing sampean golet,2
pakk,1
rezeki sudah atur wkwk,2
lincah,2
harga produk lokal mahal,2
informasi beruang petir gratis ongkir,1
sampai cgk negeri telanjang,0
baju bekas sudah jaman nenek moyang pakai sampah besar dunia trifthing kurang sampah dunia konsumen indonesia banyak kalang tengah bawah pakai pakai bagus brand harga uras isi dompet trifth bantu masyarakat anggur sekarang banyak usaha trifth jual online jual offline kerja hasil banyak orang gaji pas pas an pakai pakai bagus trifth bantu harga jangkau contoh rb dapet pcs trifth ngebantu dunia go green mohon komen tidak tau bekas kuman bakteri jual nyentuh barang dagang persaan aman aman huftt sudah deh trifth tidak samsek rugi rakyat untung,0
terlalu besar gengsi gamampu beli barang branded tidak usah maksain beli barang reject kau cardinal cressida sudah banget kali,0
tapi baguss pakk,1
depstore matahari lokal bagus bagus,0
oh noo,1
kaos partai kaka,0
logika pakai branded second kualitas original harga pakai kualitas abal negeri over prive lokal pride harga orang kenapa,2
bagaimana lamun eta baju urut jelma nu ges maot ti nagreg lurr terus awak na panyakitan,0
wow,1
thrift mah gas seperti angga mah wkwkw,0
lagi di jalan thrifting brand lokal indonesiahh,0
suka mix produk lokal thrift lokal murah kaya kaos polos celana polos polos karena beli brand lokal sudah nama harga ngotak coy kadang modal tempel emblem logo produk sebut harga kali lipat kadang cuttingannya ngaco,2
murah bagus jarang nyamain pakai yagimana,0
beli baju thrift hemat gaji,2
baju thrift impor murah kualitas bagus,2
tolong kerja impor buang gagu rakyat lokal buka lapang kerja warga lokal indonesia warga impor gagu warga impor,0
import butuh sandang pangan menggangu kesejahteran tani ternak rajin industri tengah,1
bagaimana tidak ramai panutan influencernya banyak ngiklanin brand menkraf menko lebih genjot minat konsumer lokal campaign influencer bayar buzzerrp bayar influence brand lokal balik kadang,0
branded,1
aduh,0
pakai bekas murah pakai negeri,2
emang pling benar mke kaos partai,0
ingin marah orang brand lokal mahal,0
saya suka thrift,0
ball an import emang masuk illegal masif orang tidak ada main hilang ball an orang mata cahari jual pakai bekas notabene kerja hidup situ cari duit saat usah mem pihak karyawan cari kerja sulit lapang kerja minim orang sangkut kompeten ntah perintah sudah sedia lapang kerja latih tiga segi hukum coba perhati sepatu tas jam lokal pakai brand imitasi sudah langgar hak cipta coba deh main pasar lihat orang orang hidup kepala jual pakai bekas seperti,0
lahh orang beli baju lokal dapet thrift dapet bonus ootd,2
banyak pakai bilang rusak lingkung limbah pakai dan lain orang gantung bisnis pakai,0
pakai beruang petir font akar mantap wkwkw,2
akbr hilang moga,1
beli lokal harganyaa langit kualitas jelek cuttingannya pas,2
ala sia boy,0
atur,1
ngapain urus kan tugas presiden mah adil kasihan usaha jual baju thrif suap nasi tutup padahal modal duit hasil dari perintah nyari modal kerja luar negeri bagaimana,1
bng messi,1
priitt,1
sie,1
sampai jual pulau bagaimana,0
cinta trifht menang,2
sudah beli beruang petir saja,0
ph allah,2
bro all shut up pakai pakai jaman majapahit this is all grow ing up,0
nyesuaiin isi dompet aja sekarang ngethrif wkk,0
komentar,1
heh susah bayar pajak paj,0
produk lokal harga langit kualitas kalah impor second terima,2
koruptor ganggu industri negeri,0
ganggu ape menganggu,0
second,1
fast fashion indonesia second thrift produk impor indonesia merk nama mall mall uud brand jual barang bolehin masuk indonesia adil second thrift larang masuk brand masuk indonesia anggur sumber hasil utama jual barang barang bekas stop kasih peluang usaha kasih modal usaha harga ball thrift jual baju second jamin bersih laundry habis bongkar ball sumber utama cari uang anak thrift kelas tegah bawah kelas bawah,0
affah iyyah,1
indonesia butuh murah beli baju brand lokal toko merknya beli baju kaos bahan bagus lembar sudah habis ribu terus tadi cobain nge thrift baju baju bagus bahan oke,0
tidak tau ah saya mah jual jaket vintage,0
kau nak pindah negara,0
kalahh saing cuakss,1
risih melihatnyaa,1
salah produk baja,0
sudah bayar pajak beli beras impor makan bayar pajak,0
ganggu mana,0
kabar impor makan anuu aah,0
brand lokal tetapi nyontek desain dipasangin brand hehehe,0
siyap orang prindapan,1
tenaga kerja kerja impor ganggu,2
lokal bagus ngandelin bangga pakai produk lokal tapi kualitas baik skip,2
tull,1
suda tida boleh mge thrift,2
brantas koruptor,1
begini stone island mahal murah,2
afa iyahh,1
senin sudah jebot sekarang buming,2
bisnis import beras sangant rugi tani,1
emang bener pakai baju partai cuaakkzz,2
benerr bangett sumpah salah pakai barang lokal pikir brandedd muluu busetdah anak jaman sekarang suka nge thirft tidak jelas baju lokal under rb rb an saya lihat shoope bagaimana maju coba dukung produk lokal,0
gulung tikar,2
emang pakai lokal bahan partai,0
kacau,1
solusi mr halal orang kais rezeki situ anggur tajuk negeri,2
tingkat produksi kaos partai,0
motz original celana chino reguler abu,2
kian kafan bayakin,1
plus minus bisnis thrifting indonesia plus kurang limbah global produsen indonesia sadar ningkatin kualitas produk harga ttp saing beberapa sudah pd atas angin kualitas standar harga sudah cem brand mewah modal relatif murah bantu usaha minus ganggu umkm anggur tambah pasti in data bisnis thrifting emang ganggu umkm ningkatin anggur tetapi sisi bisnis juga banyak beri sempat masyarakat bisnis hubung modal relatif murah,2
pakai presiden,2
lokal pride harga lokal,2
definisi salah,0
turut isu benturin masyarakat kritisi lawan umkm brand brand negeri thrift kualitas thrift pasar karrna biasa reuse recyclr konsekuensi dosa fast fashion regulasi umkm saing brand fashion untung umkm skg bikin isu umkm lawan thrift mesti kritisi regulasi masuk barang thrift kaya buang sampah lucu global perihal sampah fashion thriftnya industri fast fashion global baju indonesia jual global sampah buang indonesia kudu bentur isu thrift vs umkm dua musuh brand negeri adu domba masyarakat suka umkm masyarakat suka thrift saja problem makernya sembunyi adu domba untung kapitalis,0
valid,1
jokowi,1
bagaimana brand lokal kembang tarik sama barang murah bekas duh takut serang kaum dang mending coba,0
solusi pakai brand lokal,2
bro,1
secondbrand bagaimana sudah,2
misi kak mohon baca,2
kasih paham sam pakde,2
gagu naikin kualitas negeri,2
jokowi nyuruh pakai baju beruang petir nihh,0
ibu tuch haha,1
inti suruh bayar pajak kaya orang pajak,0
tenaga kerja idonesia negeri juga kocak lucu ni,2
tlalu mahal produk dalam negeri,2
diam,0
mang ea,1
owh,1
tetapi pagi surabaya tidak akan hilang,0
berat tidak salah hanz beli baju impor murah,0
bang kasih sudah bang capek saya haahaha,0
dagang thrifting,1
kangen baju merk darbost,2
tulis menganggu tulis tapi banget,2
ini,1
sampah jual,0
tumben sampai pusat,0
ayo cinta produk lokal contohna cinta,2
suka murah kualitas,2
beli kain lap rbu beli kaos terlalu besar bekas batam rbu,0
menggangu besok dekat lebaran idulfitri bantu karena harga murah kualitas emang sepenuh bagus iyaa padan cuan,0
hadodo,1
maksud bang messi,2
korupsi,0
kabar jastip ln bandara pakai koper besar bilang keluarga customer,2
ttapii,1
kerja pabrik,2
lahh,1
tuju,0
lokal harga pd overprice,2
paansi,1
thrifthing buka lapang kerja masyarakat lohh,2
impor mobil ganggu industri mobil negeri asemka,0
artis larang pakai barang ln,0
yahh doa mah,1
ayo masyarakat naikin usaha lokal then it piece of shirt that worth like each taik kamu,0
artis lokal pakai brand,2
pcs,1
bg messi,1
ganggu investor les,0
pakai baju atur,2
waduuh gawat kemarin beli habis bagus bahan kain,0
mending beli tas sama sepatu lokal,2
ngomong brand kualitas atas brand lokal benernya tidak brand produksi indonesia menang brand bisacustom material kain produksi garment contoh kahatex brand bom besar produksi material konstruksi jahit brand indonesia brand,0
aduch huftt,1
aneh,1
bener,2
galap galap,1
bisnis impor siapa dukung dalam negara konoha,2
berat beli pakai branded duid perintah beri subsidi beli pakai sebut kesini kesana,0
hasan katampi sekali dunungan,0
support produk umkm dipungkiri kadang butuhin dptnya jual barang bekas,2
overpride and overprice,1
brand lokal mahat bett tetapi hp minimal iphone lengkap gearset apple watch macbook,0
lihat produk kalah saing barang bekas uwow,2
ganggu dulu pakk makan kualitas lokal mahh lokal banget lahh kualitas lokal pakai batik sudah cakep pas pakai kurang,2
asik,2
korupsi ganggu sejahtera masyarakat,0
urus campur jokowi pas jabat korupsi pegawai pajak kaya biar gila,0
kocak nama saing usaha,0
bagaimana sudah kerja hmm,2
wear id,1
samean lek thfrif an apik pakk beh nomor komenn,1
solusi dagang thrift seperti,2
bocah beruang petir tertawa,2
cinta produk erigo,2
minimal mandi,0
gengsi digedein,2
produk lokal saing brand negeri produk lokal saing thrift,2
bagaimana orang sudah nyaman thrifting,2
tidak apal stel nay pm,0
waduhh,1
ni ye suka thrifting thrifting pakde sudah begitu,2
cinta produk,2
suka ganggu utang kaya kaya susah mulu maju deh hidup,0
pajakin trending cuan pajakin,1
temen opening,1
yaa gmana harga murah kwalitas kaya barang pasar branded untung skripsi sudah kelar,2
katro,1
ingeet paak pajak dibeliin rubicon jabat pajak bea impor pakai beli harley eko darmanto ganggu emosi,0
id,1
cuak,0
yoo serah kamu de,0
hahahhahathrift,1
emang pikir impor kerja negeri ganggu kerja negeri,0
kaos partai gratis,1
thrifthing bantu masyarakat bangkit ekonomi thrifting barang pleasee urusin suka makan uang rakyat,0
lawak pakde wowo chuakss,1
heran saya mah larang masyarakat larang pakai pakai bingung uciha owii,0
bawa brand harga store cuma an saja aneh,0
trancam kbrdaannya,1
suka ngethrift barang nyamain,2
bekas,2
besok pakai saya monza,0
sesuai isi dompet,1
beli baju partai ajala vintage,2
beli trhift an karena murah thrifting selamat bumi,2
nikmat ribut,2
dijelasin segi kualitas design brand lokal sulit saing,1
untung saya beli lokal murah seperti erigo aerostrt dan lain bekas sudah bahaya,0
dari urus import kaos bekas mending stop import bahan pokok dari bantu,0
tka ganggu kerja negeri,0
stress,0
jual pulau rugi negeri,0
brand lokal bahan enak cuttingannya cakep uni kamu,2
tepat ganggu industri tetapi jala umkm acara lahan jual importir nutup cmiiw,1
hallo presiden ku kayak tidak usah sampai segitu deh ngurus orang belanja seperti mending fokus urus daripada urus in barang thrift lokal brand mending ubah uu anak bawah umur pakk skg marak pembu uh bnyak anak muda dagang thrift terus hasil bantu orangtua salah dagang thriftshop mana bantu khidupan pecat karena covid perintah bisa bantu emang nganggur kena dampak covid bansos bansos sasar tidak usah banding in thrift rusak lokal brand orang belanja sesuai mampu masing daripada beli kau fokus juga fast fashion kaya ara hm pb mana banget gandrung tidak usah usik rakyat hebat putus asa kena dampak ekonomi jual sec brand mana modal sulit tanggap rakyat hak suara,0
skip kenal,2
id follow maap up barang soalnyaa informasi kaya,0
bener shopee tiktok bannet datang mereka jual susah,0
borong jaket vtg second pcs bonus nike dunk,2
produk negeri kau in,2
thriftingan is better,2
nr almufa mana achmad,1
paham produsen lokal jual second tetapi dari kacamata usaha turut market customer beda banget second lokal pandang sepakat sepakat koq semangat,2
lihat bang,2
besok pakai kaos merah gambar banteng,0
presiden bre,2
made in china,1
tetapi jual trift bayar pajak hasil ngetrift,0
tuju produk lokal kualitas,2
permisi lumayan promosi,0
lokal mahal sudah begitu model,2
lokal ribu pada bagus,0
kali paham,1
ini pelakune,1
solusi ketat regulasi thrifting aneh,1
ah malas,0
lokal harga lokal mending beli brand sudah kenal harga lokal,2
mahal beli murah,2
judul skripsi judul judul,2
kualitas negeri dibenerin harga murah juga tebelik produk lokal,2
coba industri lokal sadar tingkat kualitas saya beli kaos harga an bahan jelek banget nyoba beli barang thrift murah dapet bahan bagus benci barang lokal kaos celana belum temu brand oke sepatu lokal oke project saja turut harga sahabat kualitas,0
solusi,2
sudah bener pakai kaos partai ges sudah reset season kaos,0
alih isuu nihh,0
tidak-apa-apa stop brand lokal harga turunin chuaaks,2
jangkau kualitas,2
brand brand kamu senggol jook jook,1
beli lokal brand lokal banyak model begitu begitu,2
impor beras tani lokal panen raya bagaimana,1
inti sesuai dompet samping gengsi ges fungsi pakai lindung tubuh tutup aurat silah beli brand lokal mensupport umkm indonesia,2
mang eak,1
skripsi guna wkwkwkwk,2
ngetrift ku pie min,1
ya kelpin asli sama ngomong thriftingan,2
singlet sudah,2
enak bagaimana,2
sudah perintah ganggu ekonomi masyarakat,0
pikir baju thriftingan mending urusin koruptor menteri uang pajak enak korupsi sampai triliun milyaran bongkar cinta bocil kerja lembaga kpk cinta bocah saja lho rugi negara baju thriftingan koruptor,0
apa baju beri tetap lempar,2
laa bagaimana yaa untung kualitas busuk,2
ganggu itu korupsi makan uang rakyat itu behh ap klau sda tangkap penjara ber ace per apartemen,0
bang messi,1
new dunia has different lokal or thrift have market level just compete level up your business grow with your own way,0
thriftshop ketar tir,0
owhh pasar senin tutup yaa,0
thrift rugi rakyat,0
kadang kadang lucu kadang kadang serius,2
your opini,1
ribu,1
yaa orang kualitas bagus harga murah mah kualitas gembel harga mahal,2
hemat butuh kualitas quantity buat bijak ra ana sg genah pyeleh,0
atur,1
mana dapa zara,1
brand lokal banyak harga mahal kualitas bagus baju brand murah kualitas bagus,2
cinta produk lokal gaiss contoh wkwk,2
usaha trifthing ketar tir,0
scp,1
matimija,1
barang lokal harga impor,2
padahal minggu akuw maw pasar senin ihi,1
virus baju impor pakai cuci bersih baju impor murah bahan kualitas lokal sudah mahal bahan banding,2
nindas mulu,2
awokawokawok sudah tebak komennya,2
mari dukung umkm lokal brand baju negeri kalah bagus,2
nonton live thrifting,2
dapat,1
mobil motor,2
seperti beras larang nichh ganggu beras tani lokal cuaww,0
tidak-apa-apa nanti juga legal pajak pajak guys,0
barang barang cina bejibun marketplace mah tidak sampai pacul import cina,0
semua joo larang bagaimana barang lokal lebe mahal dripda dari harga lokal,0
bagaimana ieu gaes wkwk,1
all about dirty bro,1
pakai baju beruang petir sudah bener mah,2
pakai sragam merah putih milik aditya bin laden cok,2
mending bekas original kawe,1
samping ganggu industri negeri tambah sampah indonesia pakai pakai aus robek rusak,0
tertawa,2
minimal ngelarang solusi lahh den,1
tanggepannya mang id,1
nge trift,1
tidak harga mahal baju hari baju bekas pinggir jalan sudah bagus murah,1
tingkat kualitas salah saing,2
sudah ret wingii,2
tutup pintu negara dagang tutup barang dari pintu negara tanya lolos bisnis thrift bayar pajak tutup alas lokal bilang pajak bagaimana jastip negeri baju baju bangkok dan lain tidak usah alas ganggu lokal bilang pajak susah banget,0
susah orang thrift mngakui harga lokal mahal rahasia cuk sok an bawa argumen go green minimal kaos bekas kamu pakai kenapa go green negara nohh,0
atur wi,1
antem komen tutup rezeki bro tukang cuangki pusdai dagang belah belah tukang cuangki lain aman aman pasar saya relate nutup rejeki rejeki jalan tidak ada halangin kaya thrift bayar pajak emang malas bayar takut duit saya dibeliin rubicon chuaakss,0
pilih pilih ulama wkwk,0
kebatam deh cobaa wkkwkw,1
lagi di jalan beruang petirr,0
kemaren beli hoodie lihat dibrand lokal harga rban nyari harga rb thrift shop barang like new beli rb duit rb gratis ongkir ditiktok shop,2
ingat ali isu,0
selesai brand lokal patok harga mohon maaf kualitas low desain model,2
lestari brand lokal broo,2
lagi di jalan jual lato lato,0
asli tolong,2
dukung,2
beli pakai bekas salah program reuse reduce recycle salah cegah panas global,0
nyimak dosa,0
cinta produk lokal,2
impor tenaga kerja asing,2
kasih izin tri aturanya masuk legal ilegal kaya pimpin sudah periode ginigini,0
lupa impor tenaga kerja asing,2
lokal brand emang bagus bagus harga waw beli thrift dapet bahan bagus kualitas,0
uang negara korupsi ujung nyalahin orang usaha,0
cek akun kaka banyak brang wakakak,0
sekian komen nyalahin lolos barang,0
yuuk cek feeds banyak baju gemoy,2
akumah pakai kaos power rangers,0
ingfo rb,1
pikir orang kaya harga produk lokal tara harga import original second mending beli import second original,2
ta ta taapi masyarakat konoha suka konsumsi sampah,0
urusin korup,0
njir ditag wkwkw,0
bekas kasihan manusia puja thrift cuakss,2
beli topi second kk thrift,0
mbokben,1
pasar,1
jakarta first min,1
benerin timpang kaya rakyat gap poverty gila rich orang beli fashion original baju bekas thrifting baju bekas orang orang sejahtera pejhabhat,0
harga langit,2
sabar prelover,2
thrifting salah daya beli masyarkat lokal brand new shirt turun ekonomi tentu,0
kualitas produk negeri upgrade value bagus dari impor,2
bagi kaos partai,0
beli herman,0
berak kebon sawi,0
bagaimana rejeki sudah atur takut saing chuaks,2
nge thrift,1
komporin bapak,1
bahaya,0
maksud bang messi,2
bisnis ikn kereta cepat juga ganggu uang negara,0
emang sudah lowong kerja orang orang jual baju bekas,2
gws team thrifting cpp,2
kiro kiro solusine,1
terus konten ngethrift tau akibat,0
ah payeh hoodie champion kerah belel,1
besok tidak usah impor tka beras bawang,0
haha bisnis impor sepatu bekas singapore untung lumayan xdxd,2
cuek in mi saing begitu,0
pakai bekas sakit virus berita emang kena sakit saya aman aman beli thrift cuci bersih,0
iya sudah berantas harga kaya baju mending beli baju lokal,2
bagaimana,1
lokal goreng mas,0
pakai,1
hayo kaum trifting,2
bagaimana ieuu,1
harga bawah banyak ko dam,1
tetapi sumber hasil bagaimana donk beda koq barang import thrifting produk lokal takut laku produk lokal mampu ekonomi ngebantu pa,0
sklian stop semua brand elektronik mobil motor saya tuju,0
hadehh,1
tidur ae,1
thrifting sasar ekonomi brand lokal dari harga banyak tengah bentrok pasar,0
lenyap,0
lokal pred tolong harga sampai ngotak,2
agungg siapp,1
impor beras resah,0
tuju pren,0
lokal mahal kualitas indonesia kalang tengah bawah cari murah kualitass,2
usaha trifting sindir halus bayar pajak,0
maaf mohon informasi hilang perut buncit,0
uhukk,1
produksi kaos partai ganggu ganggu mata badan pakai tidak enak njir,0
bisa blokir kasih solusi barang murah bagus kualitas kantong orang kelas kerja gaji dihh,2
musuh,0
kasihan lagi produk lokal,2
tobat cin,0
kalah kualitas nyalahin barang second kocak kocak layan rs bapuk nyalahin orang obat indonesia wkwk bapuk itu baik caper wkwk,0
kabar impor beras rugi tani lokal,0
maaf kali tuju,0
yayayaya,1
bicara thrift rusak umkm produk negeri madein china,2
uu ah juea,1
orang gaji orang rejeki,2
ayo support baju beruang petir,2
padahal awol goda,0
banyak baju baju alay beli pasar malam,0
ngab owii,1
beli kemeja distro lokal rb nyari pasar loak pego dapet uniqlo pcs wkwkwk,2
bentar komen kamu semat folkative,1
kaos beruang petir,0
nama saing,1
cari solusi,1
thrift selamat bumi sampah,2
solusi brand lokal harga mahal banget,2
jakarta terimakasih dude,2
mahal tai,0
monja,1
sudah bener salat,2
pakai kaos partai masuk surga,0
ekosistem sudah hapus kena omel laku thrift ngembangin industri pakai lokal harga lokal jugaa sisi konsumsi barang bekas impor jugaa kurang limbahh tekstill dunia sustainable tinggal efek negatif limbahh tekstill dunia masuk indonesia trend thrifting indonesiaa lihat sisi baik jokowi kurang limbah tekstil kirim indonesia ajaa cmiww,0
produk indonesia dorong ekspor barang bekas impor warga ekonomi sadar mending pilih produk lokal original,2
bener,2
beli brand lokal tetapi pas promo macem begitu,2
saing,1
nga kabinet resah koruptor ko subhurr piyee,0
wadoo,1
solusi cuap cuap awak,2
jabat noh beli pakean impor,0
sudah kaya mati rejeki orang,2
ketat barang trifting begitu masuk indonesia bagaimana barang bekas tidak tau bawa virus dari,0
makanya banyakin kaos partai,0
bagaimana pakai baju rapih habis interview sama temen kantor,2
lihat orang abang adik borju clothing brand laku keras gara ngangkat cerita blablabla appearance contoh brand sudah sejahtera sejahtera,0
bagaimana rakyat indonesia gengsi besar produk lokal bagus beli limbah ln,2
emotapi,1
tidak bro panorama,0
team nge thrift beli lokal bagus bagus murah,0
murahin pakk,1
tenaga kerja idonesia tenaga kerja idonesia bagaimana itu mas,2
brand lokal overprice modal embel embel lokal tidak-apa-apa,0
suka unboxing bal balan sudah sentil pakde ayo produk ukm tidak kalah,2
kesini makiin kesana sapardi,1
alas beli baju bekas branded,2
bagaimana bisnis sma boss ical aman,2
brand lokal harga ra sido support,2
lokal brand harga ngotak wajar orang orang pindah baju bekas,2
nang gera duruk bis ditewak,0
kaos partai,0
woilahh,1
prinsip mending beli baju murah daripada baju bekas tapi harga standart,2
bener banget,2
brand lokal kadang kualitas pas pas harga langit,2
pakai bekas pakai impor ganggu umkm produksi lokal bekas,0
bang messi,1
apa,0
lawak,1
ganggu jabat korupsi,0
baju bekas orang tinggal,2
masihh,1
monmaap ituji outfit elit harga rakyat,2
support lokal brand alahh kadang lokal harga asa seperti brand,2
ramai bagaimana obos thrift tanggap,2
solusi bagaimana ngab owi,2
urus selera orang beda beda,0
solusi mata minus,0
cabai bawang minyak pas harga ganggu musim ganggu impor baju beli terus pajak biaya masuk uang mana kantong orang jual baju bekas,0
minat harga murah,2
mangeak,1
ya weis bantu umkm,2
lokal pred,1
nimbrung ah bagaimana brand lokal bagus kualitas seperti kuat begitu menang desaign and barang thrifting untung sendiri buka usaha modal an uang tshirt hoodie dan lain and kualitas bagus pandang sendiri,0
memang siap lapang kerja kais rezeky bisnis thrift,2
halaah,1
thrifting bagus putar ekonomi harga jangkau kualitas bagus orang nikmat lihat lihat import bawang beras dan lain rugi tani lokal tanah lengkap kualitas bagus import,2
asa cepu wkwk,2
setujusih,1
dih urusin noh korupsi main larang,0
lokal mahal thrift murah bahan kualitas,2
manganggu diri,0
dunia trhift,0
negeri harga jelek thrift negeri dapet bagus wkwk,0
cihh,1
bagoll ni goll lihat ikutin negara wkwkwk maulana,2
maksoed,1
ancam industri negeri inovatif,0
may,1
fixx rungkad,1
nego dikpr gade disclaimer jual gempa foto baru gempa spesifikasi rumah lantai lantai meter lb lantai full bangun shm lantai kita kita utama luas wc kamar mandi dapur kitchen set meja bar kulkas kulkas ruang nonton televisi ruang tamu garasi masuk mobil garasi garasi kolam ikan kolam renang full mesin lantai full granit kusen full alumunium wajah gudang pagar tangga full stainless kaca listrik watt lantai mushola ruang nonton gudang balkon view gunung kita cuci kusen jendela full alumunium antara kontak person wa only nego tempat furniture nempel motor bawa nego dikpr gade disclaimer jual gempa foto baru gempa spesifikasi rumah lantai lantai meter lb lantai full bangun shm lantai kita kita utama luas wc kamar mandi dapur kitchen set meja bar kulkas kulkas ruang nonton televisi ruang tamu garasi masuk mobil garasi garasi kolam ikan kolam renang full mesin lantai full granit kusen full alumunium wajah gudang pagar tangga full stainless kaca listrik watt lantai mushola ruang nonton gudang balkon view gunung kita cuci kusen jendela full alumunium antara kontak person wa only nego tempat furniture nempel motor bawa,0
support umkm harga kualitas beda support umkm coba kualitas nomor untung coba produksi massal kasihan pakai jarak meter sudah wkwkwkw kocak,2
orang pakai baju bekas,2
akun thrifting tutup presiden tutup akun jual barang murah china commerce simpel beres masalah utama umkm kembang kalah saing,0
bener kaos polos sudah,0
ekspor jugahasil produksi dalam negeri,2
sembako beras stop import kasihan tani umkm lokas cuakss,2
baju gratis ngasinya lempar,2
barang bren puluh juta apakabar,2
beli jaket produk indonesia harga bahan parasut tipis bulan saya beli thrifting harga bahan model bagus banget brand negeri bagaimana warga negara hitung kayak pikir,0
bagaimana support brand lokal harga sudah masuk akal,2
um,1
lokal bagus mahal minimal naikin umr support lokal brand,1
affahh iyaa,1
tidak asik,0
bacot,0
hallo bagaimana barang kau palsu edar pasar indonesia usaha lokal rugi efek palsu barang produk tindak edar indonesia,2
wahh,1
begini kamu industri brand indonesia banyak plagiat kreatif rancang desain tembak harga selisih harga brand international banyak orang pilih beli pakai inpor bekas harga relatip murah anti plagiat,2
impor,1
korupsi ganggu,0
bakar bajau kali,0
pakai baju beruang petir ni,0
umkm baju awet atuh harga mahal tetapi gampang rusak,2
nama juga orang dagang,1
tidak pajak,0
bagaimana perspektif pakai barang thrift karena cinta produk lokal karena fakta barang thrift ekonomis kualitas lumayan ukur barang second mayoritas beli produk lokal harga kualitas ada buruk mayoritas suka produk thrift mampu ekonomi segitu produk lokal harga luar mampu finansial banyak konsumen domestik,2
trifthing haraganya sudah ngotak,2
solusi sabar sampai periode,2
baca pas pakai baju trift an,2
nyoba ngetik,1
ka marah,0
rasaki alah ado surang surang,0
enak pakai kaos partai dahh,0
industri dalem negeri harga langit,2
zara hnm pull bear maksimal fashion raja lela banget majalengka,1
barang cina,1
dagang thrift taat pajak solusi bagaimana,2
market masing sedjak tempoe doloe,1
hh,1
beras impor,1
kabar pasar cimol besar bage yaakss,2
hmm,1
andai tauu,0
support umkm oke mahal rate harga atas produksi bisa mahal begitu jual produk merk umkm,2
cari uang kauak bagaimana mana kerja apaka loker kami halloo,0
hayu ah pasar cimol,1
ari import beras emang tidak ngaganggu tani lokal kitu coba urusin receh,0
barang lokal harga negeri barang harga lokal bagaimana yaa,2
lha trift pie,1
tolong rakyat sulit jemput rezeki,2
atur,1
assalamu alaikum pajak,0
brand lokal niru design impor bekas lihat brand lokal niru nulis buat indonesia,2
iyasi ganggu industri tekstil,0
team kaos polos celana pendek,0
budaya thrift lekat tidak ujung,0
import beras ganggu,0
oke beli tshirt beruang petir,0
setujuu tanah abang kalah saing threfting baju tawar sekarang tanah abang,0
wkwk produk lokal kalah barang bekas,1
saya main kamu yang mshl,0
nyenyenye,1
brand lokal jahit tidak lurus,0
bagaimana kamu sudah,2
baju import larang import cuaks,2
mampu bagaimana brand lokal mahal wkwk,0
bisnis topang hidup sambung biaya hidup orang hasil,0
kali beli baju brand lokal gambar gucci,1
stop impor beras,1
matimija,1
maksud ganggu industri negeri china saya lihat marketplace china kirim langsung,2
iya sudah anjirr,2
zufarazzaky,1
beli baju bekas lingkung hidup,1
mang eakk,1
siram mania,1
produk mahal,2
aduh bhya cabo dengan thrift,0
belanja monja potong baju habis baju rendam air panas pakai detergen lebih jam habis kasih wangi alhamdulillah aman aman,2
beli baju lokal takut kembar,0
nikmat beli baju shoppee bahan tipis banget,2
zixixixixixixixi,1
mau thrift sempag,2
pa jokowi gagal ngethrift seperti,0
suka ngethrift,2
tydaacckk,1
pikir masyarakat ganggu,0
kaos beruang petir raja pasar indonesia,0
tuju dukung larang pakai bekas impor,2
jadi tombol dislike,0
barang ilegal,1
banget kasihan umkm,2
kelas bang,0
sonde bapa aman sa,2
paan urus baju bekas,2
beras bawang sembako stop import kasihan tani umkm lokal chuakss,2
oo begitu,1
beras impor tidak,0
untung jabat tinggal pro banget kesini kontra sorry sir,0
lokal banget kaya,2
rubah ayo suppo lokal ayo support ngomong ngomong cek feed ig,2
import tenaga kerja tidak usah,0
yaudasih anggur beban keluarga negara,0
apa,0
tidak mau pakai baju sama,2
murah bagus gaes,0
begini apa rubah nyata populasi kanguru australia juta ekor populasi manusia uruguay juta jiwa kanguru serang uruguay orang uruguay hadap ekor kanguru,0
wduh,1
silah tanggap,2
proses tingkat anggur,0
aman,1
waduhh lurr,1
gas gas gqs,0
mending pakai baju partai gambar bant,1
trend baju thrifting ubah dijadiin industry tetapi jadiin bantu teman kena musibah daerah,0
laku nyenggol,1
but love thriftt,2
recommended lokal brand,1
larang toyota honda suzuki brand mobil pa menganggu jual mobil esemka,0
bentar lagi sepatu brand bekas import juga larang,1
duhh,1
asikk asikk jos wkwkwk,2
import tenaga asing bagaimana,2
tuju,0
dihh,1
cari jalan keluar main tutup dagang thrift begitu hari duahari sudah nyata kali senggol,0
go green trifting valid nomor bacot,0
ya sudah tutup labuh ball batam tanah abang habisin toko nyediain ball item trift niscaya banyak rakyat kesel diginiin,0
kawe kawean,1
solusi,2
maaf mantengin live tiktok trift shop,2
lusuh,0
pakai negeri ribu pakai bekas rupiah,2
kenapa,1
lokal brand tarik,2
mending tingkat kualitas umkm deh produk umkm bagus cuma mahal nyaa nahan,1
atur kuasa kitamah,2
pakai kaos partai jangan,0
semangat nyaa,2
bagiin bkl pakai kg om,1
buah sayur beras kedelai garam impor menggangu tani lokal,0
hm,1
lagi,0
jual mata minus resah,0
pakai beruang petir teh,0
baju thrift harga kaya beli baju baruu wkwk ye tung sudah ketemu tempat thrift gila harga,2
sepurane klambi ku thrift semua,0
puja brand,2
chuaakz nyenggol beruang petir,0
hahaha rongsok rongsok,0
bahas tani lokal yu,2
duluu nyadarnya,1
bang messi,1
ya sudah turunin harga yaa akun akun thrift saya enak borong,2
jelek ngapain beli bagus rate harga seperti beli mall barang pnb zara gucci,0
susah adil tani umkm lokal kasih bantu nyetop import beras sembako negeri who knows,1
sombong mentang jabat kena azab anak cucu,0
mahal,2
thrifting,1
sudah mending udoh ra resiko,1
negara rugi klau untung juga diem tidak bagiin masyarakt,0
mati masyarakat jual thrift coba brand brand mall seperti uniqlo zara cotton on pull bear dan lain diijinin masuk indonesia,0
impor barang cina bekas bawa,0
korup ama aman,0
dunia trift sulit,0
dimahalin pakai rb,1
fuck off,1
pasar kliwon masih yh,1
oke,2
orang indonesia kerja luar negeri cina taiwan hongkong bagaimana itu wkwkwkwkwkwk,1
auhh cakarr terima diginiin,0
ya sudah pakai kaos partai,2
lagi di jalan tanah abang,0
yaa bagaimana yaa barang lokal cenderung mahal pakk bagus model thrift murah model pasar gtuloh,2
terserahe njenengan pakdee,1
cinta produk indonesia,2
koruptor rugi negara urusin,0
wkwkwk,2
baik emang cinta produk lokal tetapi sayang produk lokal kadang amanah kall beli onlen kudu jeli,2
iyaa,1
snn wadodododoh,1
bagaimana genset masing,1
cinta produk lokal contoh sieh,2
bilang lokal tetapi kualitas bagus sedikit harga langit,2
harga barang menggangu ekonomi warga bagaimana,2
enak cepe dapat wkwk,2
beli brand lokal tetapi banyak beruang petirr hmm,0
jangan,0
tidak iya untuk ler,0
tutup botol,0
harga lokal pride,2
pegawai pajak ganggu ekonomi negeri,0
besok besok beli gucci,0
cek catalog kak barang lucu,0
tuju barang fakenya sisa,0
ootd anti mahal,0
jokowi ohh jokowii,1
dengki kali celana pasang,0
tolong kirim sirkel belah,0
lokal mahal bnget ppk,2
baju bekas sudah jaman baheula distro distro serang sudah duluan pas distro hype hype kaos jual ribu pcs baju bekas ngeganggu market cuma habis pandemi kali lapang kerja turun orang tetap ingin fashionable minim budget nyobain thrift habit sampai beriiringan undang undang emang salah karena impor barang bekas emang illegal lihat sejahtera orang dar saat lapang kerja nendangin orang thrift solusi gampang saya thrift stop lari umkm sejahtera sudah brand orang sejahtera saya nyoba brand clothing susah naujubillah mostly orang orang bilang previledge maju saya mostly tetap bagaimana bingung stop lari brand lokal that okay lari brand brand mall lokal,0
ganggu oknum behabat hukum mati dibiarin begitu,0
sudah belanja,1
beras impor bawang impor daging sapi impor stop rugi tani ternak chaakz,0
bisnis masyarakat,2
brand lokal juga bagus tetapi harganyaa yaudadeh serah nonton live thrifting,1
up up up,1
saran partai kaos lokal brand minimal erigo rougheck,0
open bit,0
bagaimana,1
waduhh,1
fokus pajak menteri uang,0
solusi koleksi baju partai banyak,2
cm beli produk pasar wni emngnya masukin indonesia syapa,2
barang fake bagaimana zr lvtong gcci dan lain,0
neng mati rezeki orang herman kembangin negara beri solusi sdm nyari nyari cuan masyarakat masuk pajak kantong,1
lek pakai sing impor ngganggu pora ya,2
bawel duit saya,0
cukai ketat mirii tigih,0
lha larang larang ogh,0
b galapp,1
iqbalee,1
korupsi,0
aesthetic baju,2
tidak de ngerti lelah na meta kepeng tidak na laku tangkong baja kane,0
mati usaha jual pakai bekas karang banget usaha,0
maaf beli hp,0
bagaimana bang mes,1
ooomaagaa,1
ganggu,0
bom seru ngethrift bongkar harga miring aduuhh,0
indonesia negara limbah minta barang,0
mati rejeki orang,2
emang bener,2
masih layak salah,0
sudah bener pakai kaos partai,0
mereka got me dripped out tho,0
yaps tuju,0
pakai mah selera msing lokal lokal emang jual beli pakai paksa hati msing beli,0
lahh bagaimana,1
manfaat jaga lestari alam cara limbah tekstil indonesia kaya begini kurang limbah tekstil,2
tuju siih suka thrifting,2
rezeki atur bro senang lokal senang produk segment tenang,2
aneh,1
enak thrifting pakk model nyamain,2
bentar puasa habis lebaran habis milu butuh uang,0
shapp,1
suka pakai bekas import murah cuci londrey jual,2
lucu wakanda,2
saya banyak pakai brand olahraga id terus kaya nongkrong main terus formal banhk gunung kualitas harga saing,2
hadeuh,1
main milu hahaahahha antik,1
mimin gang jual buah lontar sorry bang gentar,0
ya sudah iya,2
ll ll kita twt shpe kepada yt juga loch,1
maap suka daster buat indonesia,1
solusi begini bang beli beli second an chuakss,1
produksi negeri malam impor ngeri,0
yahh bagaimana min waduu tidak bisa beli cn harga murah kualitas terbaekk thrift,2
psd majuu,1
urusane dewee dewee,1
ganggu umkm kualitas modal masyarakt ngerti bagus murah bangkrut brand lokal sampah negara baju murah dari barang pikir larang jahat,0
tuju kaos lokal harga seperti kaos uniqlo kualitas bagus uniqlo,0
padahal brand lokal bagus begitu sama parah dibully begitu apalag ygi tulis metal gambar beruang,0
nasibb,1
bagaimna kanda,1
kaos dapet mamah pasar enjoyer,0
usut mafia kalok dipajakin bal masuk ilegal kalok usut mafia kalok berani bebas masuk bal bisnia thrifting tahun tutup begitu cari mafia cari akar dagang thrift dapet kerja tolong mending cari mafia bawah bajakin bal masuk enak,0
cuakss,1
ganggu impor beras,0
selera manusia ganggu gugat,2
serah rakyat beli,0
prelove bagaimana kak,1
end of,1
mah proud pakai lokal brand,2
tandain kasih tripting,2
anak buah gagu resah,0
tuju,0
yap,1
buy used clothes untuk or buy new clothes with exact kualitas untuk hmm,2
capek saya jadi spiderman,0
ribet,0
beli brand fomo tema antah antah kualitas overpriced,2
lokal,1
rugi ilegal cukai lolos,0
yaah bagus,0
yy,1
impor pangan ganggu,0
wkwk yukk,2
hmm speechless sama harga barang lokal,2
impor beras menganggu tani negeri,1
bagaimana rakyat gengsi brand lokal sama standar kualitas barang thrift,2
syulit,1
harga murce gemoy model,2
ayo brand lokal baik khualitasnya saing harga moso harga setars brand khualitas begitu deh kaum dang mending timbang,2
produk lokal bahan seperti ta cuci beberapa kali sudah luntur,0
dasar data lihat mana ganggu,0
pakai kaos pdi,0
waduww,1
kuasa textile garmen china ganggu,0
jual hayam hirup saja kitu ieuteh hm,0
brand lokal modal besar alat konveksi dan lain banding balik kais rezeki thrifting banyak kalang tengah usaha jatohnya kaya kaya miskin miskin masyarakat indonesia juta sampai balance sebenernya lokal import,0
bagaimana iya id,1
yuk cinta produk lokal contoh,2
hilang mata duit bagaimana,0
anda harga produk lokal kontrol perintah dasar type laku usaha sdm brand kenal kenal turun kelas kualitas stabil harga cari untung besar cepat kaya,2
gaya sesuai isi dompet,1
lokal pred harga gaji umr kotane njenengan ya rodok ra ngotak nek dinggo kalang ngisor,2
dar sharing ortuku umkm belanja pakai jahit jual cerita ortu temen jawat beliau baju thirft ganggu harga pasar yap pasar masing industri thirft banding harga signifikan banget tidak thrift ganggu harga pasar moga solusi naikin umkm bisnis lokal untung negara rakyat tetap cari nafkah untung tenang,2
koruptor ganggu industri negeri,0
barang bekas kasih lowong kerja jual kasih modal,2
saya masyarakat tengah dapetin produk lokal harga jangkau bagus tanya eh beli mana beli mana pakean saya baju murah murah ko under rb pakai produk lokal keren,2
takut barang bekas orang tinggal,0
duit duit saya,0
produk lokal pride,2
industri negeri kembang brand lokal kenal banget sizenya ngasal baju model jenis size toko warna beda gap salah cm bahan sudah oke tetapi kualitas cuttingan buruk kritik bangun,0
teriak brand lokal mahal murah kualitas rendah murah kualitas jamin,0
uniqlo baik,2
thrift peluang usaha orang brand lokal banyak harga langit kualitas loyo,2
plus minus perhati,0
dih lawak,1
ush beli baju banyak ank dibyr baju pakai jadi sumpah,2
jakarta min,1
kalimat,0
harga sudah masuk akal,2
aman pakde joko laku thrift kalok hutang bank nasional,0
cimol,1
tapi bnyak sukses buka usaha thriftingan,1
ramai kemeja kak,0
the one who protest it is item fast fashion mall laku thrift,0
iya bang hewan sudah langka tapi warna merah,0
produk lokal mahal kalang beli reseller beri harga lipatt,2
tetapi belanja barang negeri mahal anak buah kaya coba kasih anak cubit sedikit,0
barang kau bagaimana,1
yahh bagaimana suka barang trifting murah mahal bagus akuu,2
tuju,0
beli produk eiger brand lokal asing yaa,2
tenaga kerja import ganggu ekonomi masyarakat bagaimana,2
sudah bener pakai baju partai bentar big sale,2
impor ilegal,1
thrifting ilegal,1
rip monja,0
bayar cukai besar mah bayar cukai besar mah mngganggu kali bos,2
saya miskin beli brand lokal kudu pakai paylater,0
tidak turunin harga tingkatin kualitas saing thrifting tidak suka ya sudah,2
cinta brand lokal tarik negeri brand lokal usaha baik,2
thriftingan is better,2
jngn lupa baju partai,1
ocobot bagaimana dapat,1
brand fast fashion ganggu industri umkm kwwkwkkww fast fashion brand sale harga oke branded hayoloh bisnis thrift sudah babat habis bagaimana next bisnis fast fashion kasih atur lehih berani eh,2
produk harus lokal tetapi harga malah,2
luputs wkwk,1
ayo cinta produk lokal contohna cinta,2
produk kau noh,2
lokal mahal,2
fadil mantap irfan,2
oportunis,1
bisnis negeri umkm ganggu perijinan birokrasi salam tempel ordal dan lain tumbuh brand suleett,0
mang ngapa,1
heh,1
muhun wios abi nu lepat mah,2
trif harga kaos uniqlo kedok langka limited,0
lokal pride,1
produk negeri harga juta thrift rban,2
bermonja harga,2
pakde awaokaowlaok,1
kasihan lokal pride beli,1
bagaimana,1
salah jual indonesia tetapi salah izin masuk,0
ganggu koruptor korupsi uang rakyat,0
kamis sok bagaimana,1
kontol,0
kaum thrift bagaimana,1
baa woi,1
hehehe harga bekas jual mahal,2
beli baju partai,2
jual dalam negeri laku jual rupiah nilai rakyat,2
beli or baju uniqlo sudah nang kaya mah ekonomi klas tengah pakai kostan wkwk beli baju bekas ahahah,2
awih na sn bagaya su,1
baju gabolee impor beras impor chuaks,2
bahh,1
support lokal,2
susah biaya produksi mahal murah cuma space sob,0
bang dik bang,1
aduhh gimandose sudah cinta banget,2
gama tahun,1
tuju baju bekas dari juga aman tidak virus harga kualitas produksi negeri garment kalah bagus support umkm,0
ylla lokal lokal,1
silah kak,2
auk ah jual thrift,2
orang lancar rejekinya like komen sekarang klik love klik kali komentar langsung auto like selamat coba,2
cuan perintah anggap ganggu,0
bisnis impor mati panen rakyat tani panen raya jabat mati berani tindak paduka,2
razuki isi comentnya kelas bos,0
tenang promo sampai lebaran,2
ngomong ngomong impor beras panen raya menggangu harga padi tani,2
solusi larang jual pakai trhift temen temen warga cari nafkah bidang bagaimana official anggur menyebarluas miskin rajalela solusi,0
bang saya beli baju overpriced,0
oiya hype brand kau influencers,1
nganggur lho dahal peluang usaha lumayan situ,0
saing pakai bekas keluh pakai bekas,2
bagaimana,1
helo mending fokus audit menteri uang tingkat kualitas sdm sektor bumn sebenernya ngebantu alternatif fast fashion sustain kalo genjot produksi konsumsi pakai negeri ttp mecahin bahan sandang dar yaa isi,0
aman tidak akan virus usaha thrifting juga nge laundy produk produk ball lecek langsung jual konsumen tidak ada tarik cmiiw,1
lartas pasang uu lartas impor distribusi masuk barang larang pidana jalan beres deh kecuali barang bekas milik dari negeri,1
solusi toko oren baju beruang petir gratis ongkir,2
dampak resaller vintage mah,0
lokal pride lokal pride kualitas harga ngotak,2
brand lokal harga internasional,2
bagaimana beras impor bagaimana tani lokal,1
tahap kasihan orang sudah nyetok sekarang bubarin polisi emang suka rakyat bagaimana,2
suka impo barang ganggu,0
solusi join lipe sekarang ges,2
marah marah,0
tuju support produk lokal support umkm,2
hmm,1
rejeki sudah ada signature,2
kasihan usaha thrift saya pakai baju bekas import saya berfikir begini usaha thrifting sumber hasil nasib bagaimana nasib orang beli brand lokal budget paspasan bagaimana anggur tiada baju bekas importpun cinta brand lokal luar masih orang cinta brand lokal,0
rugi barang kau,0
beliau ngomong menganggu tetapi kemarin ada anak buah ngomong larang illegal saja satu ngomong larang jadi,0
ingin anime,1
salah thrifting lokal brand kalah saing kalah minat evaluasi sebab minat lokal brand banding pakai thrift oh harga qualitynya pandemi covid orang hilang kerja kurang pasu orang orang berfikir bangun usaha uang thrift kembang indonesia orang orang kerja sekarang usaha kais rezeki dari usaha pakai thriftlah sumber uang hidup luar produk zar uniql dan lain harga murah ketidakmampuan batas dari ajar beli pakai thrift ambing hitam salah satu milik minat pasar larang pakai thrift orang orang alih brand lokal orang hak pilih thrift larang memang solusi orang orang usaha thrift larang larang solusi mana barang barang beli jual negara ganti,0
brand lokal nama lokal tetapi harga rb mending beli beras karung,2
tanker,1
dapet hahaha,2
pro kontra jujur emang ganggu umkm samain kaya negara singa cinta produk lokal bangga saya lokal indonesia keren sekarang sisi ngawul gaul sekarang thrifting bantu beli baju harga dompet guys apa putus tetap dukung lokal eaa tidak bisa pungkirin ogut juga suka ngawul barang bekas begitu dehh pikir bener juga ngeganggu umkm lokal bolee thrifting secukupya ah putus orang beda beda,2
nyeni,1
tempat rawan jual pakai bekas import thrift hasil full sumbang kena bencana alam turut,0
tuju jokowi bijak ambil kontra rasa bawah perintah beliau periode bijak beliau ambil bukti visioner tentang bijak perintah berangus long live jokowi,0
fuckoff,1
barang jelek kali bous bawa sensi mulu,0
cuma in tiga abang sekolah mamak jual pakai bekas ln lahan mata cahari keluarga atus ratus keluarga deh nanti bolehin jual bagaimana nasib tidak-apa-apa angkat pns,2
bising,1
yahh,1
dapet duit jual untung besar,2
duh bagaimana cinta thrift,0
kocak,0
nomor hp,1
impor negeri kena pajak,0
kalah saing cuakss,0
baju bekas sudah jaman baheula distro distro sudah duluan pas distro hype hypenya kaos jual ribu pcs baju bekas ngeganggu market cuma habis pandemi kali lapang kerja turun orang tetap ingin fashionable minim budget nyobain thrift habit sampai beriiringan undang undang emang salah karena impor barang bekas emang illegal lihat sejahtera orang dar saat lapang kerja nendangin orang thrift solusi gampang emang thrift stop lari umkm sejahtera sudah brand besar orang sejahtera saya nyoba brand clothing susah naujubillah mostly orang orang bilang previledge maju saya mostly tetap bagaimana bingung stop lari lokal okedeh lari brand brand mall lokal just opini yaa,1
komen,1
solusi nganggur,1
brand lokal era gempur thrifting,0
brand proshop black id gesper,1
bisa masuk penjara grgrr jual pakai bekas,0
menggangu pakai uang pajak rakyat foyah pinterr,0
betooll,1
maksud pakeang cakabongkar ka,2
era gempur thrifting,0
hadeh,0
hm,1
asli sedih banget nyari suap nasi logika ganggu umkm pasar swayalan minimarket larang ganggu pasar tradisional warung kelontong,0
alf wkwkwk bener lagi,2
ganggu contoh paham,0
slhnya mana,1
setujuu ente beli brand bikin indonesia alesan kualitas barang valid alas ramah lingkung hmm kerja tekstil butuh makan tekstil,2
okay it good kapan it last,2
gas sikat,0
terus bagaimana bang messi,1
sudah,2
hahahaha lawak,1
lokal brand harga ngotak wajar orang orang pindah baju bekas,2
kaos fake masih malang lintang toko oren,0
better save your uang than buying fake stuff,2
produk lokal sekarang sudah murah kaos banyak bawah pas asa ingat banget beli kaos harga an sampai an tapi bnyak lokal mahal,2
informasi loker,0
tidak beli stone island deh,0
asu,1
ingin jual ayam geprek,2
brand lokal tuan rumah negeri desain bagus tetapi nyata sekarang desain brand lokal desain masyaallah allah banget,2
yup banned pakai thrift lokal laris,1
brandlokal ngecopas barang vintage wkwk,1
thrift larang bayar pajak coba bayar pajak larang,0
pakai pakai bekas,2
saya tetap cinta pkaian bekas seperti kaos crewneck hoodie spatu clna topi,0
kaos partai tahun ganggu distro lokal,0
kes adu domba umkm thrift ekosistem fast fashion layak recycle mending push brand lokal kasih support compete brand fast fashion sudah masuk indonesia,0
thrifting kurang sampah pakai jual beli mindfull beli sesuai butuh konsumtif lihat sampah sudah segunungg haha main main tpa,0
solusi,2
produk lokal tidak kualitas kualitas warna beda pakai trift,2
emang lokal pride mobil dari jepang tenaga kerja dari china beras impor petinggi pakai baju impor mall sewa lahan brand orang senang pakai baju tulis hawa dari pangandaran suka pakai baju tulis disneyland tulis dufan senang pakai baju tulis toronto bekas iya,2
impor apa ae jane ganggu bisnis negeri,0
pakai bekas minat alas harga dan bagai bagus apa tetap bekas sarang sakit hii,2
ya sudah pakai kaos partai sudah,2
umr beli baju produk lokal,2
cari akar siapa ngelolosin barang indonesia,0
tau beli saya gampar kamu yak,0
outsides karena jual bro tidak rugi,0
kamu ganggu,0
solusi pakai baju saudara,2
mending jadiin pasar amal,2
menganggu negeri ituu tri dpr kpk barang import,2
ribu orang jual thrift larang anggur tambah anggur rugi lokal saing larang,0
kasihan usaha jual online pakai bekas,1
mang yeaa,1
ojo ajak thrift we,2
barang bekas mayan,2
butuh pangan import pakde piyo ini,0
bahan pangann bagaimana pakk,0
impo beras tidak apa,0
baru sadar tah,2
ll ll kita twt shpe kepada yt juga loch,1
cc,1
kaos lokal tulis coblos,0
bisnis sabu seperti tedy minahasa oke,2
wow,1
pabrik produksi daster lokal bagus eh pabrik bos,2
ilegal,1
alih isu,0
informasi jual baju partai,2
joko joko,1
pasar usik,2
oh oke nonton live thrifting,2
support lokal,2
gultom shahahaa,1
susah masy mentingin gengsi kualitas negeri kalah,2
lak nyari jaket hoodie keren,0
budaya pakai produk clothing line lokal broo,2
kualitas bagus,2
brand lokal harga langit mending jastip bangkok kualitas bagus harga beda bahan knit sampai ingin ngeborong bangkoknya murah,2
sudah bayar pajak beli beras impor makan bayar pajak,0
lahan kerja lokal habis impor,2
masuk islam,2
beli baju pas lebaran saja nyimak,2
larang solusi,1
baju import murah lari jatuh produk lokal,2
kesini hak asasi manusia timbang,2
ngomong saja beri solusi,1
pakai beruang petir,0
bagaimana nasib syuka order shoppe negeri,1
kaos indonesia mahal,0
oknum,1
na,1
bisnis nikel kembangin rusak ekosistem bumi uwu,2
cok lato lato jual rb bule,2
bagaimana support brand lokal produksi limited habis harga ngotak,2
saya sh thrifting ok lokal oke soalny yang belum ikhlas begitu beli aerostreet ok erigo best,2
whatt,1
bagaimana tanggap,2
po bangkok sebentar lagi,0
komentar hzrl,1
kaos banteng ae,0
brand lokal overprice modal embel embel lokal tidak-apa-apa,0
tapi bgus bumi,1
pandang brand lokal belah mata bangga pakai produk lokal jokowi,1
sudah pasar ngab owi,2
ngeganggu,1
turunin harga lokal brand,2
lokal murah and epikk,2
bagaimana kak,1
lokal kadang kasih angin suka ngelunjak,2
informasi tipusat langsung,2
lokal mahal kualitas sulit,2
uang mampu beli umr,0
bagaimana saya gaji beli celana second,0
suka barang bekas,2
benerin kualitas nyalahin saing crewneck rajut kakak silah gemoy kain partai silah makas makas,2
hilih,1
plus tambah sampah baju sepele bahaya,0
tidak mau komentar ah malas mending urusin orang orang pajak cukai urus thrift thrift kaya begini,0
kocak,0
rb,1
ra masookk,1
habis fikri masuk akmal moga ibu ibu pesan,0
negeri harga kaya negeri kualitas kaya harga dapet,2
suka banget thrift begitu bahan pakai bagus,0
hmm,1
dulu kuliah boros beli baju tukar tukar kampus baju sken solusi rb sudah bagus banget,0
kirim twitter kak meme,2
tingkat trifting bangsa maju jaya,2
beras impor bagaimana,1
hla bagaimana oknum,1
urusin swasembada pangan,1
gass,1
solusi bagaimana,2
elkai,1
nyari bahan sorry saja cepe dapat bahan adem banget anju suka dapat uniqlo juga bahan ngotak adem gaji saya digit tidak-apa-apa sudah beli baju lokal umr biaya idup saja ngepres beli baju cepe cepe senin bahagia,0
sessajki,1
benar perihal idealisme beli beli original yuk cek ig scremouas disc,0
saya salah punchline laku thrift pakai erigo baruu saya lihat kwkwkw,0
nhanya kieu saja,0
saja,0
menggangunya hidup pilih nama baju second baju bekas murah baju second untung an bagus tidak mau beli baju lokal tetapi jabat suka baju liar cenel dior fendi dan lain masyarakat beli baju second tidak boleh,0
beli lokal wkwk,0
ingfokan ngetrif leptop,1
sudah deh cuy deh poin story ignya okk naraciaga,2
waduuh,1
ujung ujungnyage kamu pajak jual trift,0
solusi,2
korupsi ganggu industri,0
brrti bisnis pakai bekas negeri potensial at least impor,2
yan pent ng tidak pakai ka uan pet,0
bagaimana donk,1
berflowers,1
bom ngethrift pasar senin dekat larang nyobain ah,0
tutup produksi barang kau,0
yaelah kaos kamu bom import,0
indeed,1
jujur bngt cinta produk lokal harum indonesia sudah pudar indonya,2
rugi,0
saing industri salahin malu atur pakai masuk ingat gantung bisnis industri masyarakat,0
ogah pakai baju beruang petir,0
affah iyyah,1
stelan kaos hitam celana pendek,0
tolong harga sesuai rakyat kalang tengah bawah,2
beli kaos polos ku custom nama vendor fg ku,0
topi caps branded,1
jamin industri negeri produk kualitas segi desain fungsi material harga jangkau orang beli produk bekas kondisi dekat barang harga murah,2
oh,1
heheehehee,1
salah sekarang us ngetrend barang thrift berfikir barang bagus kenapa buang indonesia pasar barang bekas,0
konsennya bekas ganggu branded harga langit lihat ancam umkm lho coba artis horaang kayaa indonesia pakai branded pakai lokal,2
semua saja dimuni ganggu,0
bagaimana nasib orang gembel,0
banding banter banget beli thrif an persis banget kaya baju brand lokal harga,2
kasih solusi,2
tong mau ba fix live,2
bisnis impor sandang pangan papan rajalela perhati ingin rambah bisnis impor pakai bekas tau pakai bahan impor banyak,1
iya basmi sudah seperti tai jual ngejualnya,0
bisnis jabat gakan ganggu,0
masalhanya baju bekas harga kaki kualitas bintang bukan,2
thriftshop solusi cari baju kantong bokek,0
lokal pride,1
iya oo,1
vs an battle,1
merah biru krak fix ka baju nih wkwwkk babayy thrift,2
data kah produk barang bekas ganggu industri produk lokal produk lokal maju,2
atur boleh atur import baju bekas yaa susah juga lagipula usaha thrift bisa timbang umkm juga laku laku selera pasar fashion semua orang punya preferensi,2
sudah bener pakai baju partai baju lokal support umkm ngomong ngomong cek feed yaa,2
solusi follow deh id jamin original murah riah pasti,2
follow akun goodtweede barang enak,2
murah,2
dari kemarin ributin mulu tidak capek,0
suka beli jaket bagus tinggal laundry suka produk lokal abis harga segitu masyarakat uang ratus ribu beli baju bagaimana,2
mending pakai baju bekas,2
toko trifting am danger,1
solusi,2
upp ah moal ngiringan,1
hayo loo,2
hmm,1
bagaimana kabar impor beras dan lain,0
oknum berantas,1
pasar senin tanah abang jual,2
perintah korupsi menggangu negara,0
cari murah,0
ati ati bang hilang,0
menurunin umkm negeri bukti live shopping platfom seperti toktok banget umkm lancar lancar umkm profit berkat spall spill konten tiktok mati bisnis thrift kasiann owner rintis sudah keluar modal oke umkm maju bukain lowong kerja mengangur buruh kaya owner umkm buruh buruh branding bisnis lokal butuh jt jt privilege naikinnya butuh endorse dan lain realita lapang sudah coba bisnis lokal budget ngotak banget mula dana sedikit brand lokal privilege just my opini,2
cinta thrift,2
import cina,2
baju lokal mahal bayar pajak beli bahan baku bayar sponsor bayar karyawan bayar jasa komen brand indonesia mahal bingung pikir orang indonesia berfikir situ thrift is baju keas illegal masuk indonesia murah coba legal mahal jasa bayar,0
tukang ngowol nyimak,0
gmana ni,1
halo kak kerja bidang industri tekstil lokal beda barang kak minat beli masyarakat cenderung beli bekas original murah alhasil produk lokal minim beli impact jual lokal industri tekstil lokal sepi order minta barang produksi tetap jalan akibat barang tumpuk gudang bahan baku habis beli bahan baku beli langsung import ln sepi pihak massal rejeki tukar coba lihat dampak depan tega mati industri lokal dampak nganggur pihak,0
tidak usah diksi langsung berantas lupa industri negeri kulitasnya tingkat sesuai harga pasar orang indonesia usaha ngerengek kalah saing pakai bekas,0
enak pakai kaos ormas,0
fix jual baju partai saja,1
serah kamu jok cepat kelar jabat kamu sudah,1
ganggu import plastik bekas id,0
ela tinggal bilang pajakin legal naif orang indonesia berfikir perintah peduli umkm percaya kah indonesia negara agraris masih impor beras bawang tomat dil ngobrol tani peduli perintah baca tani buang tomat tani nang gagal panen beli pupuk karena pupuk mahal harga jual gabah wake up,0
are mbak kemaren beli duaa,0
pakai kaos semen roda aman jamin nomor bocor,0
brand lokal harga internasional,2
long,1
sepatu rbu,2
lokal lokal mahal,2
chakss,1
bang joko,1
solusi bagaimana,2
bacot anjir,0
caper,1
harga kaos brand lokal ratus ribu beli gedebage bawa cepe dapet biji,0
ngopi bang wkwk,2
hayoo brand titip undang undang,2
ah rumus beliau,1
produk lokal bagus kokk,2
matinyaa kitaakk,1
ayo cinta produk lokal contoh cinta,2
bos,2
thrift enak dapat barang bagus harga minim,0
cabo is my live murah riah mantap,2
asik bintang,2
mantap,2
pakai kaos partai gambar banteng begitu sudah tidak bisa beri lapang kerja sok atur,0
tuju,0
bombe padam api je,2
sudah mending kamu belanja cardigan everysundaygirls buy get,0
crewetmen jok,1
lokal lokal,1
kemarin jastip ribetin skng baju bekas bisnisin orang cari cuan kali,1
koruptor ganggu sejahtera masyarakat,0
pdaha bnyak bisnis pakai import bantu pemuda indonesia kerja,2
perintah indonesia menganggu negeri,1
pakai baju seragam saja batik pakai baju item seperti korea utara eh pakai warna merah sekali seperti,0
hore ereunan nge,1
sadar trift milik kualitas kain bagus banding lokal harga kualitas bawah ekpektasi,2
solusi beruang petir,1
sudah bener pakai kaos partai,0
thrifting mending pakai kaos polos ind,0
iya astaga ngeri,0
whaikkss,1
beli murah bagaimana ehehe,1
izin amplop jual barang masuk edar,0
tidakk,1
banyak keluh,1
dewasa dewasa seperti,2
baju bekas impor ujung ujung limbah rusak lingkung,0
bangkek buka toko thrifting,1
senggol thrift sumpah sudah sensi,0
jakarta hasil min saya unlike,1
rezeky atur kali takut brand laku saya pribadi cinta baju bekas chuakss,0
hia hia hia,1
contoh pakai lokal patut support bismillah jaket,2
sulit erti moga jodoh pakai kaos beruang petir,0
cuaks,1
ewh,1
ramah lingkung,2
sabar pakk rakyat memang angel atur,2
wahahah ajeng,1
solusi,2
sini tempat,0
lokal produk bagus harga bagus thrift produk bagus harga jangkau tbtb occasion kudu pakai blazer beli an murah pakai saja mending thrift under sudah pakai tidak salah banget,0
huft,1
yuk mari mampir,2
bagaimana umak weh,1
duh nyari rezeki halal larang,0
bagaimana sudah bagus murah,1
bct,1
mending umkm,0
saya tuju joko,0
mending stop impor garam beras daging deh drpda impor bahan pokok korup mulu,0
serah orang beli oakaian jual henti brand lokal tingkat kualitas halang halang rejekinya orang coz jual pakai thrifting warga negara republik indonesia bayar pajak,0
sok lokal keluarga pakai brand hasil thrifting,2
bagus nyaman murah gonta ganti pakai lestari budaya negeri beli dasar sudah mahal upah kang jait sudah mahal baju batik ngabisinin modal ribu baju tenun jebol kantong mak emak harga cabai minyak dan lain beli lipstik pakai up,2
lapang kerja gedein orang kerja susah usaha juga susah heran bgst,0
pakai bekas tolong rakyat indonesia dari galau sandang pakai,0
iya enak pakai kaos partai,0
bantu mahasiswa monza pamela,0
tuhh rul,1
menganggu beli pakai duit bukan pakai duit emm,0
jual baju negeri beli baju pj,2
tolong aplikasi lokalisasi judi online berantas usaha brand lokal go international tolong pre,0
orang,1
gengsi cm modal,2
pakai bahan tebal,0
tingkat kualitas barang lokal stop beli thrift,2
industri negeri umkm mesti gebrak inovasi usaha sesuai kondisi mana cenderung kaum muda kini stylist budget sesuai perintah pusat pen libat anak muda kaum muda indonesia tinggal atur acara lokal acara nasional lantas industri lokal umkm kembang saing negara raya daerah indonesia gerbrakan gera umkm industri lokal dar opini provokasi apa sekian terimakasih,2
solusi mata buta warna tidak karena dibutuhin paman,0
ehm beras impor,1
netizen begitu bantu anak anak hidup mewah,0
pakai kaos zeus sudah,0
bagus support umkm,2
impor pangan nomor,1
banteng merah jaya jaya jaya,2
lumintang borong selak ban cik,2
nnti beli produk lokal murah tapi kau diledekin mending babebo,2
alumni poncol baju sudah mandi le,2
tiru thailand,1
hah,1
ng import tenaga kerja asing mohon tindak,2
bingung sisi beli thrift dapet barang second kualitas oke harga miring samping support brand fashion lokal umkm brand fashion lokal sudah kreatif,2
qpa,1
lokal mahal baju wkwkwkw,2
beri atur bener,2
daya pakai baju bekas kakaku,2
ganggu dari mana lokal selagi harga murah dja kualitas,0
kalah bos,0
obat bool ambeyen pakai ape ye,0
bodmat thrifting,1
kang thrift panas wkwkwkw,2
bagaimana bang messi,1
ubetrinang pa,0
tuju cinta produk negeri indonesia tumbuh bayar pajak jabat sultan,0
truee,1
orang hobi selera orang tidak bisa dipaksain ikut kalimat,0
tapi suka baju baju bagaimana,2
pakai negeri pakai aratel bagaimana dongg,1
tuju,0
impor beras gula kedelai garam bahan pokok limpah negeri stop rugi tani sejahtera rakyat,0
harga gucci turunin pcs,2
tidak-apa-apa baju ku bekas kaos beruang,0
dukung import bekas stop dulu karena harga impo bekas sudah mahal pasar sudah unjlok harga outfit trift turun buka izin wkwkwk,2
warga mu bantu bisnis thrift,2
rezeki sudah atur sama atas,2
serah kamu,0
rakyat beli thrift under anggap rugi perintah korupsi triliun biar chuakss,0
sotoy,0
sebenernya sii pengaruh juga brand lokal paham pangsa pasar negara manfaat juga brand lokal kualitas banding brand bekas murah banding brand lokal,2
turunin harga lokal deh tidak-apa-apa,2
are ngethrift ng bazar kkn ae lek unu,1
aju jamet kah,0
ayo beli id pakai bikin dalam negeri jamin nomor second second,2
beli baju pcs planel kotak kayak bagus,0
kesini makiin kesana sapardi,1
sustainable,1
iya emang begitu terus kabar beli pesawat tumpang bekas maskapai asing bekas kereta bekas negara jepang,0
bener bangett,1
pakai kaos partai,0
saya tuju jokowi apa sama ruf amin tuju saya suer deh,0
yakinin outfit kamu lokal,1
bohong ah,0
jadi bayar pajak,0
jokowi orang impor,1
bagaimana sesuai isi dompet,1
xixixixixi,1
semangat pakde,2
mon maap nih bekas,0
ingin,1
lokal pride,1
sepatu,2
sabar saya dapat koleksi baju dari beberapa partai mayan pakai brkebun,2
ya bagaimana larang pakde,2
auu ah bingung mending beli sembako murah ekspor negeri naikin harga lumayan cuan,2
ganggu jual fake fake itu,0
mahal pakde lokal,2
sulit contoh matahari stok jaman jebot diskon dinaikin kudu buru diskon buru habis barang buru industri stok tidak timbun tahun sampai pas diskon ttp mahal jatohnya bagaimana maju industri pakai indonesia baju juga liar jelek dilit buang sini mah bolong ttp pakai muternya suka thrift karn sudah jelek ngebuangnya sayang pakai juga tahan harga juga murah luar sampah indonesia permata belum dishopee jual baju bagus gambar pas dtng jungkir sesal order,0
bagaimana orang barang murah kualitas,2
hadehh,1
teruss piee,1
ett modalin tidak,0
orang beli brand mahal solusi trifhting tujuanya muas emang,2
duh topik complicated bgtt saya tipikal beli baju jarang banget bom beli pcs tidak mau beli produk lokal jujur lepas legal ramah lingkung brand lokal saya jarang banget beli baju asa mahal target market brand lokal saya kaya meanwhile thrifting bagai orang gapeduli merek baju saya dapat harga murah kualitas kain bagus bgtt dapat kemeja brand lokal dapat saya,0
tetapi kwalitasnya harga seperti tubuh enak nyaman,2
pilih badan ekonomi mending beli sudah urusin rakyat koruptot babat habis,0
dagang baju pns,2
ganggu industri kawee,0
sudah pasar tidak senggol senggol tidak orang suka ngethrift beli pakai hasil thrift beli baju non thrift lagipula pakai thrifting limbah produksi tekstil rusak lingkung rang mungkin alih alih larang atur bijak bisnis,0
bener sudah kaos partai,0
htb,1
berantas makelar ngejual barang bekas nalar,0
bang sudah bang,2
barang bekas selera iring brand lokal stop impor brand lokal tingkat minat impor beras eh,2
bekas kaka juga menganggu,2
salamin,1
iklan baju partai,2
maju thrift negeri timbang negara toko bju indonesia saja ambil stok baju dari negeri buang baju sembarang tong sampah jadi ada toko sumbang barang pakai baju layak,0
wkwkwkw bagaimana yun,1
ganggu cimol sudah belanja ribu dapet baju cimol idodalku,1
na sudah bener buat kaos pdi ae,1
beli lokal bekas,1
habis ngethrift rb dapat min,1
bener pakai kaos gambar banteng,0
baca komen jam,2
